#time[ms], position x[m], position y[m], accuracy[m], floor[i], type_id
1493202597649,23.296,94.917,0,1,0
1493202693569,34.373,97.41200000000001,0,-1,0
1493202789785,103.331,42.702,0,0,0
1493202883381,49.509,95.21300000000001,0,-1,0
1493203014569,22.873,94.283,0,1,0
