#time[ms], position x[m], position y[m], accuracy[m], floor[i], type_id
1493203276221,26.586,101.172,0,-1,0
1493203315801,66.045,87.218,0,-1,0
1493203435840,47.014,87.48400000000001,0,1,0
1493203534619,124.073,93.80800000000001,0,1,0
1493203659194,96.956,41.443,0,0,0
