#time[ms], position x[m], position y[m], accuracy[m], floor[i], type_id
1493203283088,27.235,95.655,0,1,0
1493203336305,64.767,87.869,0,1,0
1493203347770,64.767,87.869,0,1,0
1493203399175,64.877,68.08800000000001,0,0,0
1493203403957,67.018,64.65600000000001,0,0,0
1493203481120,92.316,66.173,0,0,0
1493203527829,95.77,43.922,0,0,0
