#time[ms], position x[m], position y[m], accuracy[m], floor[i], type_id
1493203881310,131.785,98.46900000000001,0,0,0
1493203933489,93.73400000000001,49.382,0,0,0
1493203992232,65.82900000000001,65.23699999999999,0,0,0
1493204073233,80.965,47.776,0,-1,0
1493204165207,95.932,42.11,0,0,0
