#time[ms], position x[m], position y[m], accuracy[m], floor[i], type_id
1493204982335,96.44,46.127,0,1,0
1493205038643,130.432,92.08500000000001,0,1,0
1493205171846,52.215,93.776,0,-1,0
1493205231022,65.702,65.61799999999999,0,0,0
1493205336098,22.577,94.32600000000001,0,1,0
