#time[ms], position x[m], position y[m], accuracy[m], floor[i], type_id
1493205377881,23.127,94.36799999999999,0,1,0
1493205435986,91.831,91.11200000000001,0,1,0
1493205494884,95.17100000000001,57.5,0,1,0
1493205577602,128.149,92.804,0,1,0
1493205692774,23.422,94.833,0,1,0
