#time[ms], position x[m], position y[m], accuracy[m], floor[i], type_id
1493201693464,22.735,94.224,0,1,0
1493201782916,89.77800000000001,88.741,0,0,0
1493201885190,32.826,92.547,0,1,0
1493201993058,129.964,81.688,0,1,0
1493202078884,96.54000000000001,45.47,0,1,0
