#time[ms], position x[m], position y[m], accuracy[m], floor[i], type_id
1493204868018,76.15900000000001,59.669,0,0,0
1493204943254,62.381,89.28700000000001,0,-1,0
1493205019224,83.10300000000001,45.891,0,-1,0
1493205064275,78.872,60.428,0,0,0
1493205139964,68.348,79.73999999999999,0,1,0
