#time[ms], position x[m], position y[m], accuracy[m], floor[i], type_id
1493211423148,95.747,41.18,0,0,0
1493211490263,31.186,97.85900000000001,0,-1,0
1493211522036,31.186,97.85900000000001,0,-1,0
1493211600667,98.134,87.44,0,0,0
1493211638330,98.134,87.44,0,0,0
1493211688642,47.357,82.13,0,0,0
1493211719631,47.357,82.13,0,0,0
1493211845164,99.589,45.538,0,1,0
