#time[ms], position x[m], position y[m], accuracy[m], floor[i], type_id
1493202128615,95.265,46.908,0,-1,0
1493202197693,65.97799999999999,86.155,0,-1,0
1493202344240,36.087,92.78100000000001,0,1,0
1493202441674,91.893,66.504,0,1,0
1493202570470,132.605,99.32900000000001,0,0,0
