#time[ms], position x[m], position y[m], accuracy[m], floor[i], type_id
1493202396133,32.163,100.553,0,-1,0
1493202490851,92.76000000000001,67.06700000000001,0,0,0
1493202572833,67.256,72.923,0,1,0
1493202680552,124.641,82.60600000000001,0,1,0
1493202802326,96.35000000000001,45.246,0,0,0
