#time[ms], position x[m], position y[m], accuracy[m], floor[i], type_id
1493202863440,95.83,44.443,0,0,0
1493202927212,64.044,75.61499999999999,0,1,0
1493203008230,128.754,78.69,0,1,0
1493203122970,112.189,85.98699999999999,0,0,0
1493203153590,112.189,85.98699999999999,0,0,0
1493203261619,27.235,95.655,0,1,0
