#time[ms], position x[m], position y[m], accuracy[m], floor[i], type_id
1493212506064,26.61,94.637,0,1,0
1493212591718,81.901,59.743,0,0,0
1493212622148,81.901,59.743,0,0,0
1493212670316,125.596,88.94200000000001,0,0,0
1493212697155,125.285,89.46000000000001,0,0,0
1493212736972,72.479,90.081,0,0,0
1493212764244,72.479,90.081,0,0,0
1493212809518,97.22500000000001,40.588,0,0,0
1493212812762,97.22500000000001,40.588,0,0,0
